-- MySQL dump 10.13  Distrib 5.5.32, for Win32 (x86)
--
-- Host: localhost    Database: pre2016
-- ------------------------------------------------------
-- Server version	5.5.32

/*!40101 SET @OLD_CHARACTER_SET_CLIENT=@@CHARACTER_SET_CLIENT */;
/*!40101 SET @OLD_CHARACTER_SET_RESULTS=@@CHARACTER_SET_RESULTS */;
/*!40101 SET @OLD_COLLATION_CONNECTION=@@COLLATION_CONNECTION */;
/*!40101 SET NAMES utf8 */;
/*!40103 SET @OLD_TIME_ZONE=@@TIME_ZONE */;
/*!40103 SET TIME_ZONE='+00:00' */;
/*!40014 SET @OLD_UNIQUE_CHECKS=@@UNIQUE_CHECKS, UNIQUE_CHECKS=0 */;
/*!40014 SET @OLD_FOREIGN_KEY_CHECKS=@@FOREIGN_KEY_CHECKS, FOREIGN_KEY_CHECKS=0 */;
/*!40101 SET @OLD_SQL_MODE=@@SQL_MODE, SQL_MODE='NO_AUTO_VALUE_ON_ZERO' */;
/*!40111 SET @OLD_SQL_NOTES=@@SQL_NOTES, SQL_NOTES=0 */;

--
-- Table structure for table `bbs`
--

DROP TABLE IF EXISTS `bbs`;
/*!40101 SET @saved_cs_client     = @@character_set_client */;
/*!40101 SET character_set_client = utf8 */;
CREATE TABLE `bbs` (
  `id` int(11) NOT NULL AUTO_INCREMENT,
  `project_id` int(11) NOT NULL DEFAULT '0',
  `title` varchar(50) COLLATE utf8_unicode_ci DEFAULT NULL,
  `opendate` datetime DEFAULT NULL,
  `closedate` datetime DEFAULT NULL,
  `lastnum` int(11) DEFAULT NULL,
  `upddate` datetime DEFAULT NULL,
  `dscrpt` varchar(200) COLLATE utf8_unicode_ci DEFAULT NULL,
  PRIMARY KEY (`id`,`project_id`),
  KEY `project_id` (`project_id`),
  CONSTRAINT `bbs_ibfk_1` FOREIGN KEY (`project_id`) REFERENCES `project` (`id`)
) ENGINE=InnoDB AUTO_INCREMENT=19 DEFAULT CHARSET=utf8 COLLATE=utf8_unicode_ci;
/*!40101 SET character_set_client = @saved_cs_client */;

--
-- Dumping data for table `bbs`
--

LOCK TABLES `bbs` WRITE;
/*!40000 ALTER TABLE `bbs` DISABLE KEYS */;
INSERT INTO `bbs` VALUES (11,16,'チラシデザイン協議','2016-02-19 03:48:58','9999-12-31 23:59:59',2,'2016-02-19 15:25:21','チラシのデザインに関する議論はこちらで'),(12,16,'演奏指示まとめ','2016-02-19 03:49:21','9999-12-31 23:59:59',3,'2016-02-19 16:52:21','過去の練習での演奏指示はこちらに書いてください'),(13,16,'金管スレッド','2016-02-19 03:49:54','9999-12-31 23:59:59',3,'2016-02-26 16:28:24','金管の皆さんの相談、パート決めなどはこちらで'),(14,16,'木管スレッド','2016-02-19 03:50:21','9999-12-31 23:59:59',0,'2016-02-19 03:50:21','木管の皆さんの打ち合わせ、パート決めなどはこちらで'),(15,16,'弦楽器スレ','2016-02-19 03:50:49','9999-12-31 23:59:59',1,'2016-02-19 11:42:12','弦楽器の皆さんの打ち合わせ、パート決めなどはこちらで'),(16,17,'原稿打ち合わせ','2016-02-19 11:31:01','9999-12-31 23:59:59',4,'2016-02-19 17:16:36','打ち合わせです'),(17,18,'企画議論スレッド','2016-02-19 12:18:20','9999-12-31 23:59:59',1,'2016-02-19 14:18:37','議論しましょう！'),(18,18,'市場分析','2016-02-19 15:26:33','9999-12-31 23:59:59',0,'2016-02-19 15:26:33','始めてくださいね');
/*!40000 ALTER TABLE `bbs` ENABLE KEYS */;
UNLOCK TABLES;

--
-- Table structure for table `bbs_write`
--

DROP TABLE IF EXISTS `bbs_write`;
/*!40101 SET @saved_cs_client     = @@character_set_client */;
/*!40101 SET character_set_client = utf8 */;
CREATE TABLE `bbs_write` (
  `bbs_id` int(11) NOT NULL DEFAULT '0',
  `write_num` int(11) NOT NULL DEFAULT '0',
  `text` varchar(1000) COLLATE utf8_unicode_ci DEFAULT NULL,
  `author_id` int(11) DEFAULT NULL,
  `w_date` datetime DEFAULT NULL,
  PRIMARY KEY (`bbs_id`,`write_num`),
  KEY `author_id` (`author_id`),
  CONSTRAINT `bbs_write_ibfk_1` FOREIGN KEY (`bbs_id`) REFERENCES `bbs` (`id`),
  CONSTRAINT `bbs_write_ibfk_2` FOREIGN KEY (`author_id`) REFERENCES `user` (`id`)
) ENGINE=InnoDB DEFAULT CHARSET=utf8 COLLATE=utf8_unicode_ci;
/*!40101 SET character_set_client = @saved_cs_client */;

--
-- Dumping data for table `bbs_write`
--

LOCK TABLES `bbs_write` WRITE;
/*!40000 ALTER TABLE `bbs_write` DISABLE KEYS */;
INSERT INTO `bbs_write` VALUES (11,1,'チラシのデザインの第一版は一週間後に提出してください',12,'2016-02-19 14:08:16'),(11,2,'どこで見ますか？',12,'2016-02-19 15:25:21'),(12,1,'ちゃんと練習してきてください',12,'2016-02-19 12:08:36'),(12,2,'練習してきます。申し訳ありませんでした。',12,'2016-02-19 14:35:23'),(12,3,'dropboxにメモをアップしましたのでご確認ください',12,'2016-02-19 16:52:21'),(13,1,'トランペットパートパート割りどうしますか？',12,'2016-02-19 12:31:54'),(13,2,'次の練習で決定しましょう',12,'2016-02-19 15:00:28'),(13,3,'いやです',12,'2016-02-26 16:28:24'),(15,1,'練習に関して\r\n会場費は会計係に報告してください',12,'2016-02-19 11:42:12'),(16,1,'次の打ち合わせ何日にしますか？',12,'2016-02-19 12:02:54'),(16,2,'明日どうですか？',12,'2016-02-19 13:48:04'),(16,3,'明日無理です',12,'2016-02-19 14:46:33'),(16,4,'明後日はどうですか？',12,'2016-02-19 17:16:36'),(17,1,'シューティングゲームとかどうですか？',12,'2016-02-19 14:18:37');
/*!40000 ALTER TABLE `bbs_write` ENABLE KEYS */;
UNLOCK TABLES;

--
-- Table structure for table `e_write`
--

DROP TABLE IF EXISTS `e_write`;
/*!40101 SET @saved_cs_client     = @@character_set_client */;
/*!40101 SET character_set_client = utf8 */;
CREATE TABLE `e_write` (
  `event_id` int(11) NOT NULL DEFAULT '0',
  `write_num` int(11) NOT NULL DEFAULT '0',
  `text` varchar(1000) COLLATE utf8_unicode_ci DEFAULT NULL,
  `author_id` int(11) DEFAULT NULL,
  `w_date` datetime DEFAULT NULL,
  PRIMARY KEY (`event_id`,`write_num`),
  KEY `author_id` (`author_id`),
  CONSTRAINT `e_write_ibfk_1` FOREIGN KEY (`event_id`) REFERENCES `event` (`id`),
  CONSTRAINT `e_write_ibfk_2` FOREIGN KEY (`author_id`) REFERENCES `user` (`id`)
) ENGINE=InnoDB DEFAULT CHARSET=utf8 COLLATE=utf8_unicode_ci;
/*!40101 SET character_set_client = @saved_cs_client */;

--
-- Dumping data for table `e_write`
--

LOCK TABLES `e_write` WRITE;
/*!40000 ALTER TABLE `e_write` DISABLE KEYS */;
INSERT INTO `e_write` VALUES (25,1,'場所：プロフェッショナルパーカッションAスタジオ\r\n（最寄：東高円寺）',12,'2016-02-19 03:57:28'),(25,2,'練習参加します。',12,'2016-02-19 11:09:24'),(25,3,'練習行けなくなりました',12,'2016-02-19 14:09:44'),(26,1,'場所：八王子いちょうホール　リハーサル室\r\n最寄：八王子駅',12,'2016-02-19 03:58:08'),(28,1,'練習参加します',12,'2016-02-19 11:04:57'),(28,2,'練習遅れます',12,'2016-02-19 11:48:31'),(29,1,'参加します',12,'2016-02-19 11:17:21'),(29,2,'遅れます。',12,'2016-02-19 12:48:23'),(31,1,'会議参加します',12,'2016-02-19 12:26:09'),(32,1,'誰も参加できなかったので次回日を改めます',12,'2016-02-19 16:05:40'),(33,1,'後日やり直します',12,'2016-02-19 16:17:21'),(34,1,'ｊｈｇｊｈｇｋｊ',12,'2016-02-19 16:57:49'),(34,2,'',12,'2016-02-19 16:57:55'),(34,3,'うｆｋｆｋ\r\n',12,'2016-02-19 16:58:00'),(34,4,'\r\n',12,'2016-02-19 16:58:13');
/*!40000 ALTER TABLE `e_write` ENABLE KEYS */;
UNLOCK TABLES;

--
-- Table structure for table `event`
--

DROP TABLE IF EXISTS `event`;
/*!40101 SET @saved_cs_client     = @@character_set_client */;
/*!40101 SET character_set_client = utf8 */;
CREATE TABLE `event` (
  `id` int(11) NOT NULL AUTO_INCREMENT,
  `project_id` int(11) DEFAULT NULL,
  `name` varchar(32) COLLATE utf8_unicode_ci DEFAULT NULL,
  `descrpt` varchar(1000) COLLATE utf8_unicode_ci DEFAULT NULL,
  `startdate` datetime DEFAULT NULL,
  `limitdate` datetime DEFAULT NULL,
  `last_w_num` int(11) DEFAULT '0',
  `upd_date` datetime DEFAULT NULL,
  PRIMARY KEY (`id`),
  KEY `project_id` (`project_id`),
  CONSTRAINT `event_ibfk_1` FOREIGN KEY (`project_id`) REFERENCES `project` (`id`)
) ENGINE=InnoDB AUTO_INCREMENT=36 DEFAULT CHARSET=utf8 COLLATE=utf8_unicode_ci;
/*!40101 SET character_set_client = @saved_cs_client */;

--
-- Dumping data for table `event`
--

LOCK TABLES `event` WRITE;
/*!40000 ALTER TABLE `event` DISABLE KEYS */;
INSERT INTO `event` VALUES (24,16,'初回合わせ','初回練習です！','2016-02-21 09:00:00','2016-02-19 03:52:00',0,'2016-02-19 03:53:38'),(25,16,'第一回金管分奏','第一回金管パート分奏です','2016-02-24 18:00:00','2016-02-23 23:59:00',3,'2016-02-19 14:09:44'),(26,16,'第一回木管分奏','第一回木管セクション分奏です！','2016-02-24 18:00:00','2016-02-23 23:59:00',1,'2016-02-19 03:58:08'),(27,16,'運営事務局打ち合わせ','運営の打ち合わせです。\r\n場所：ルノアール（新宿）','2016-02-27 19:00:00','2016-02-25 23:59:00',0,'2016-02-19 03:56:25'),(28,16,'第二回練習','第二回合奏です','2016-03-01 11:00:00','2016-02-29 23:59:00',2,'2016-02-19 11:48:31'),(29,16,'第三回練習','第三回合奏です','2016-03-29 14:00:00','2016-03-20 00:00:00',2,'2016-02-19 12:48:23'),(30,16,'第四回練習','場所：蒲田　アプリコ','2016-04-02 15:00:00','2016-04-01 00:00:00',0,'2016-02-19 12:20:03'),(31,18,'第一回企画会議','場所：新宿ルノアール','2016-02-20 17:00:00','2016-02-19 20:00:00',1,'2016-02-19 12:26:09'),(32,18,'会議','会議','2016-02-19 12:26:00','2016-02-19 12:26:00',1,'2016-02-19 16:05:40'),(33,16,'会計打ち合わせ','会計の打ち合わせです。\r\n※会計担当全員参加のこと','2016-02-19 14:19:00','2016-02-19 14:19:00',1,'2016-02-19 16:17:21'),(34,19,'初回打ち合わせ','何をネタにしますか？','2016-02-19 15:45:00','2016-02-19 15:45:00',4,'2016-02-19 16:58:13'),(35,19,'打ち合わせ','今度こそ人が集まるといいですね','2016-02-23 17:00:00','2016-02-22 23:59:00',0,'2016-02-19 17:20:40');
/*!40000 ALTER TABLE `event` ENABLE KEYS */;
UNLOCK TABLES;

--
-- Table structure for table `event_member`
--

DROP TABLE IF EXISTS `event_member`;
/*!40101 SET @saved_cs_client     = @@character_set_client */;
/*!40101 SET character_set_client = utf8 */;
CREATE TABLE `event_member` (
  `event_id` int(11) NOT NULL DEFAULT '0',
  `member_id` int(11) NOT NULL DEFAULT '0',
  `indate` datetime DEFAULT NULL,
  `outdate` datetime DEFAULT NULL,
  PRIMARY KEY (`event_id`,`member_id`),
  KEY `member_id` (`member_id`),
  CONSTRAINT `event_member_ibfk_1` FOREIGN KEY (`event_id`) REFERENCES `event` (`id`),
  CONSTRAINT `event_member_ibfk_2` FOREIGN KEY (`member_id`) REFERENCES `user` (`id`)
) ENGINE=InnoDB DEFAULT CHARSET=utf8 COLLATE=utf8_unicode_ci;
/*!40101 SET character_set_client = @saved_cs_client */;

--
-- Dumping data for table `event_member`
--

LOCK TABLES `event_member` WRITE;
/*!40000 ALTER TABLE `event_member` DISABLE KEYS */;
INSERT INTO `event_member` VALUES (25,12,'2016-02-19 11:09:24','9999-12-31 23:59:59'),(28,12,'2016-02-19 11:04:57','9999-12-31 23:59:59'),(29,12,'2016-02-19 11:17:21','9999-12-31 23:59:59'),(31,12,'2016-02-19 12:26:09','9999-12-31 23:59:59');
/*!40000 ALTER TABLE `event_member` ENABLE KEYS */;
UNLOCK TABLES;

--
-- Table structure for table `message`
--

DROP TABLE IF EXISTS `message`;
/*!40101 SET @saved_cs_client     = @@character_set_client */;
/*!40101 SET character_set_client = utf8 */;
CREATE TABLE `message` (
  `fromid` int(11) NOT NULL DEFAULT '0',
  `toid` int(11) NOT NULL DEFAULT '0',
  `projectid` int(11) NOT NULL DEFAULT '0',
  `title` varchar(50) COLLATE utf8_unicode_ci DEFAULT NULL,
  `text` varchar(1000) COLLATE utf8_unicode_ci DEFAULT NULL,
  `senddate` datetime DEFAULT NULL,
  `readflg` tinyint(1) DEFAULT NULL,
  `delflg` tinyint(1) DEFAULT NULL,
  PRIMARY KEY (`fromid`,`toid`,`projectid`),
  KEY `toid` (`toid`),
  KEY `projectid` (`projectid`),
  CONSTRAINT `message_ibfk_1` FOREIGN KEY (`fromid`) REFERENCES `user` (`id`),
  CONSTRAINT `message_ibfk_2` FOREIGN KEY (`toid`) REFERENCES `user` (`id`),
  CONSTRAINT `message_ibfk_3` FOREIGN KEY (`projectid`) REFERENCES `project` (`id`)
) ENGINE=InnoDB DEFAULT CHARSET=utf8 COLLATE=utf8_unicode_ci;
/*!40101 SET character_set_client = @saved_cs_client */;

--
-- Dumping data for table `message`
--

LOCK TABLES `message` WRITE;
/*!40000 ALTER TABLE `message` DISABLE KEYS */;
/*!40000 ALTER TABLE `message` ENABLE KEYS */;
UNLOCK TABLES;

--
-- Table structure for table `project`
--

DROP TABLE IF EXISTS `project`;
/*!40101 SET @saved_cs_client     = @@character_set_client */;
/*!40101 SET character_set_client = utf8 */;
CREATE TABLE `project` (
  `id` int(11) NOT NULL AUTO_INCREMENT,
  `name` varchar(32) COLLATE utf8_unicode_ci DEFAULT NULL,
  `startdate` datetime DEFAULT NULL,
  `closedate` datetime DEFAULT NULL,
  `eventflg` tinyint(1) DEFAULT NULL,
  `bbsflg` tinyint(1) DEFAULT NULL,
  `joinflg` tinyint(1) DEFAULT NULL,
  `descrpt` varchar(1000) COLLATE utf8_unicode_ci DEFAULT NULL,
  PRIMARY KEY (`id`)
) ENGINE=InnoDB AUTO_INCREMENT=20 DEFAULT CHARSET=utf8 COLLATE=utf8_unicode_ci;
/*!40101 SET character_set_client = @saved_cs_client */;

--
-- Dumping data for table `project`
--

LOCK TABLES `project` WRITE;
/*!40000 ALTER TABLE `project` DISABLE KEYS */;
INSERT INTO `project` VALUES (16,'交響楽団「幻想」第一回定期演奏会','2016-02-19 03:48:18','9999-12-31 23:59:59',1,1,0,'交響楽団「幻想」の第一回定期演奏会のプロジェクトです。\r\n会場：オリンパスホール八王子　大ホール\r\n日程：2016年5月7日(土)\r\n開場：16:00\r\n開演：16:30'),(17,'C89合同誌','2016-02-19 11:24:09','9999-12-31 23:59:59',1,1,0,'合同誌作成のプロジェクトです'),(18,'○○ゲーム制作プロジェクト','2016-02-19 12:12:06','9999-12-31 23:59:59',1,1,0,'ゲーム作ります！'),(19,'同人誌C90','2016-02-19 14:49:59','9999-12-31 23:59:59',1,1,0,'がんばりましょう！');
/*!40000 ALTER TABLE `project` ENABLE KEYS */;
UNLOCK TABLES;

--
-- Table structure for table `project_user`
--

DROP TABLE IF EXISTS `project_user`;
/*!40101 SET @saved_cs_client     = @@character_set_client */;
/*!40101 SET character_set_client = utf8 */;
CREATE TABLE `project_user` (
  `project_id` int(11) NOT NULL DEFAULT '0',
  `user_id` int(11) NOT NULL DEFAULT '0',
  `nameflg` tinyint(1) DEFAULT NULL,
  `adrsflg` tinyint(1) DEFAULT NULL,
  `hn` varchar(32) COLLATE utf8_unicode_ci DEFAULT NULL,
  `mail` varchar(100) COLLATE utf8_unicode_ci DEFAULT NULL,
  `indate` datetime DEFAULT NULL,
  `outdate` datetime DEFAULT NULL,
  `type` int(1) DEFAULT NULL,
  PRIMARY KEY (`project_id`,`user_id`),
  KEY `user_id` (`user_id`),
  CONSTRAINT `project_user_ibfk_1` FOREIGN KEY (`project_id`) REFERENCES `project` (`id`),
  CONSTRAINT `project_user_ibfk_2` FOREIGN KEY (`user_id`) REFERENCES `user` (`id`)
) ENGINE=InnoDB DEFAULT CHARSET=utf8 COLLATE=utf8_unicode_ci;
/*!40101 SET character_set_client = @saved_cs_client */;

--
-- Dumping data for table `project_user`
--

LOCK TABLES `project_user` WRITE;
/*!40000 ALTER TABLE `project_user` DISABLE KEYS */;
INSERT INTO `project_user` VALUES (16,12,0,0,'黒猫','kawamra@example.com','2016-02-19 03:48:19','9999-12-31 23:59:59',1),(17,12,1,1,'白猫','cat@example.com','2016-02-19 11:24:09','9999-12-31 23:59:59',1),(18,12,0,0,'kawamura','kawamra@example.com','2016-02-19 13:50:46','9999-12-31 23:59:59',0),(19,12,1,0,'川村','kawamra@example.com','2016-02-19 14:49:59','9999-12-31 23:59:59',1);
/*!40000 ALTER TABLE `project_user` ENABLE KEYS */;
UNLOCK TABLES;

--
-- Table structure for table `user`
--

DROP TABLE IF EXISTS `user`;
/*!40101 SET @saved_cs_client     = @@character_set_client */;
/*!40101 SET character_set_client = utf8 */;
CREATE TABLE `user` (
  `id` int(11) NOT NULL AUTO_INCREMENT,
  `userid` varchar(32) COLLATE utf8_unicode_ci DEFAULT NULL,
  `pw` varchar(32) COLLATE utf8_unicode_ci DEFAULT NULL,
  `name` varchar(100) COLLATE utf8_unicode_ci DEFAULT NULL,
  `hn` varchar(32) COLLATE utf8_unicode_ci DEFAULT NULL,
  `mail` varchar(100) COLLATE utf8_unicode_ci DEFAULT NULL,
  `indate` datetime DEFAULT NULL,
  `outdate` datetime DEFAULT NULL,
  PRIMARY KEY (`id`)
) ENGINE=InnoDB AUTO_INCREMENT=17 DEFAULT CHARSET=utf8 COLLATE=utf8_unicode_ci;
/*!40101 SET character_set_client = @saved_cs_client */;

--
-- Dumping data for table `user`
--

LOCK TABLES `user` WRITE;
/*!40000 ALTER TABLE `user` DISABLE KEYS */;
INSERT INTO `user` VALUES (12,'kawamura','gerbera','川村　怜司','kawamura','kawamra@example.com','2016-02-19 03:45:20','9999-12-31 23:59:59'),(16,'hoge','hage',NULL,NULL,NULL,NULL,NULL);
/*!40000 ALTER TABLE `user` ENABLE KEYS */;
UNLOCK TABLES;
/*!40103 SET TIME_ZONE=@OLD_TIME_ZONE */;

/*!40101 SET SQL_MODE=@OLD_SQL_MODE */;
/*!40014 SET FOREIGN_KEY_CHECKS=@OLD_FOREIGN_KEY_CHECKS */;
/*!40014 SET UNIQUE_CHECKS=@OLD_UNIQUE_CHECKS */;
/*!40101 SET CHARACTER_SET_CLIENT=@OLD_CHARACTER_SET_CLIENT */;
/*!40101 SET CHARACTER_SET_RESULTS=@OLD_CHARACTER_SET_RESULTS */;
/*!40101 SET COLLATION_CONNECTION=@OLD_COLLATION_CONNECTION */;
/*!40111 SET SQL_NOTES=@OLD_SQL_NOTES */;

-- Dump completed on 2017-01-08 23:57:43
